id,sitecode,sakename,kuramoto,address,is_junmai,seimaibuai,alcohol,nihonsyudo,sando,aminosando,etc1,etc2,etc3,etc4,etc5,etc6,etc7,etc8
1,21,田酒 純米吟醸,蔵元：株式会社　西田酒造店,蔵元：青森市大字油川字大浜46,純米,精米歩合：50%,None,None,None,None,原材料：米・米こうじ,,,,,,,
2,57,獺祭 純米大吟醸 遠心分離50 本生,蔵元：旭酒造株式会社,蔵元：山口県岩国市周東町獺越2167-4,純米,精米歩合：50%,度数：16度,None,None,None,原材料：米・米こうじ,,,,,,,
3,59,清泉（きよいずみ） 特別純米酒,蔵元：久須美酒造株式会社,蔵元：新潟県長岡市小島谷1537-2,純米,精米歩合：55%,度数：15度以上16度未満,None,None,None,原材料：米・米こうじ,,,,,,,
4,61,越淡麗・純米無濾過生原酒,蔵元：千代の光酒造株式会社,蔵元：新潟県妙高市窪松原656,純米,精米歩合：54%,度数：17度以上18度未満,None,None,None,原材料：米・米こうじ,,,,,,,
5,66,澤屋まつもと 無濾過生原酒 純米,蔵元：松本酒造株式会社,蔵元：京都市伏見区横大路三栖大黒町７,None,精米歩合：65%,度数：18度,日本酒度：+3.0,酸数：1.5,アミノ酸度：1.1,原材料：米・米麹,原料米：愛山（兵庫県産）,,,,,,
6,68,風和（かぜやわらか）,蔵元：有限会社 加藤酒造店,蔵元：新潟県佐渡市沢根炭屋町50,純米,精米歩合：55%,度数：15度,None,None,None,原材料：米・米麹,,,,,,,
7,75,繁桝　限定　純米吟醸 生々,蔵元：株式会社　高橋商店,蔵元：福岡県八女市本町2-22-1,純米,精米歩合：50%,度数：16度以上17度未満,None,None,None,原材米：山田錦100%,原材料：米（国産）・米麹（国産）,,,,,,
8,77,神亀 上槽中汲酒,蔵元：神亀酒造株式会社,蔵元：埼玉県蓮田市大字馬込1978,純米,精米歩合：60%,度数：17度以上17.9度未満,None,None,None,原材米：阿波山田錦,原材料：米・米麹,,,,,,
9,80,龍力 山田錦,蔵元：株式会社　本田商店,蔵元：兵庫県姫路市網干区高田361-1,純米,精米歩合：65%,度数：16度,None,None,None,原材米：兵庫県特A地区産山田錦100%使用,原材料：米（国産）・米こうじ（国産米）,,,,,,
10,82,龍力　神力,蔵元：株式会社　本田商店,蔵元：兵庫県姫路市網干区高田361-1,純米,精米歩合：65%,度数：16度以上17度未満,None,None,None,原材米：本場神力100%使用,原材料：米・米こうじ,,,,,,
11,84,羽前　桜川,蔵元：野沢酒造場,蔵元：山形県小国町大字小国小坂町213,純米,精米歩合：45%,度数：15度,None,None,None,原材料：米・米こうじ,,,,,,,
12,92,獺祭 純米大吟醸50 本生,蔵元：旭酒造株式会社,蔵元：山口県岩国市周東町獺越2167-4,純米,精米歩合：50%,度数：16度以上１７度未満,None,None,None,原材料：米・米こうじ,,,,,,,
13,94,とつとつと温かさ伝えたい,蔵元：高木酒造株式会社,蔵元：高知県香南市赤岡町443,純米,精米歩合：65%,度数：15度以上１6度未満,None,None,None,原材料：米・米こうじ,,,,,,,
14,96,黒龍,蔵元：黒龍酒造株式会社,蔵元：福井県吉田郡永平寺町松岡春日1-38,純米,精米歩合：55%,度数：15度,None,None,None,原材料：米・米こうじ,使用米：福井県産五百万石100%,,,,,,
15,98,土佐 亀泉,蔵元：亀泉酒造株式会社,蔵元：高知県土佐市出間2123-1,純米,精米歩合：60%,度数：15度,None,None,None,原材料：米・米こうじ,,,,,,,
16,100,本州一,蔵元：合名会社　梅田酒造場,蔵元：広島県安芸区船越6-3-8,純米,精米歩合：65%,度数：16度8分,None,None,None,原材料：米・米こうじ,,,,,,,
17,107,龍力 山田穂,蔵元：株式会社　本田商店,蔵元：兵庫県姫路市網干区高田361-1,純米,精米歩合：65%,度数：16度以上17度未満,None,None,None,原材米：山田穂100%使用,原材料：米・米こうじ,,,,,,
18,109,秀鳳,蔵元：有限会社 秀鳳酒造場,蔵元：山形県山形市山家町1-6-6,純米,精米歩合：50%,度数：17度,日本酒度：+1,酸度：1.7,None,原材料：米・米こうじ,,,,,,,
19,111,黒牛,蔵元：株式会社 名手酒造店,蔵元：和歌山県海南市黒江846,純米,精米歩合：50%,度数：15.9度,日本酒度：+2,酸度：1.7,None,原材料：米・米こうじ（山田錦100%）,,,,,,,
20,113,あさ開,蔵元：株式会社 あさ開,蔵元：岩手県盛岡市大慈寺町10-34,純米,精米歩合：65%,度数：15度以上１６度未満,None,酸度：1.4,アミノ酸度：1.4,原材料：米・米こうじ,,,,,,,
21,115,田酒 純米吟醸 百四拾,蔵元：株式会社　西田酒造店,蔵元：青森市大字油川字大浜46,純米,精米歩合：50%,度数：１６度,None,None,None,原材料：米・米こうじ,,,,,,,
22,120,苗加屋 純米吟醸,蔵元：若鶴酒造株式会社,蔵元：富山県砺波市三郎丸208,純米,精米歩合　：55%,度数　：　17.0～18.0度未満,None,None,None,原材料：米・米こうじ,原料米　：　山田錦100%,,,,,,
23,123,山（原酒）,蔵元：秋鹿酒造,蔵元：大阪府豊能郡能勢町倉垣１００７,純米,精米歩合　：　60%,度数　：　18.0～19.0度未満,日本酒度　：　＋5,酸度　：　2.0,アミノ酸度　：　1.0,原料米　：　山田錦,種類　：　山廃　無濾過　純米吟醸,杜氏氏名　：　但馬・谷淵秀雄,,,,,
24,125,奥播磨,蔵元：下村酒造店,蔵元：兵庫県姫路市安富町安志957,純米,精米歩合　：　55%,度数　：　16.0以上～17.0度未満 / 17.0以上～18.0度未満（生）,None,None,None,原料米　：　兵庫夢錦,種類　：　山廃・純米,,,,,,
25,127,奥播磨：芳醇超辛,蔵元：下村酒造店,蔵元：兵庫県姫路市安富町安志957,純米,精米歩合　：　55%,度数　：　17.0以上～18.0度未満,None,None,None,種類：純米吟醸,,,,,,,
26,129,袋しぼり,蔵元：下村酒造店,蔵元：兵庫県姫路市安富町安志957,純米,None,度数：17.0以上～18.0度未満,None,None,None,種類：純米・生詰,,,,,,,
27,131,くどき上手,蔵元：亀の井酒造株式会社,蔵元：山形県鶴岡市羽黒町戸野福の内一,純米,精米歩合　：　50%,度数：16.0以上～17.0度未満,日本酒度：＋10,酸度：1.3,None,原材料：米・米こうじ,原料米：岡山産雄町100%,使用酵母：小川・KA,種類：生詰・純米・吟醸,,,,
28,133,くどき上手：出羽の里,蔵元：亀の井酒造株式会社,蔵元：山形県鶴岡市羽黒町戸野福の内一,純米,精米歩合　：　44%,度数：17.0以上～18.0度未満,日本酒度：-1.0,酸度：1.3,None,原材料：米・米こうじ,原料米：出羽の里100%,使用酵母：小川・1601,種類：生詰・純米・吟醸,,,,
29,136,くどき上手：純米吟醸,蔵元：亀の井酒造株式会社,蔵元：山形県鶴岡市羽黒町戸野福の内一,純米,精米歩合　：50%,度数：16.0以上～17.0度未満,日本酒度：＋1.0,酸度：1.2,None,原材料：米・米こうじ,原料米：庄内・美山錦100%,使用酵母：小川10号,種類：純米・吟醸,,,,
30,138,くどき上手：純米大吟醸33,蔵元：亀の井酒造株式会社,蔵元：山形県鶴岡市羽黒町戸野福の内一,純米,精米歩合：33%,度数：16.0以上～17.0度未満,日本酒度：＋1.0,酸度：1.2,None,原材料：米・米こうじ,原料米：出羽燦々（さんさん）100%,使用酵母：KA,種類：純米・大吟醸　生酒,,,,
31,141,福の宮,蔵元：株式会社宮本酒造店,蔵元：石川県能美郡辰口町宮竹イ74,None,精米歩合：50%,度数：15.0以上～16.0度未満,日本酒度：＋2.0,酸度：1.8,None,原材料：米・米こうじ,原料米：山田錦100%,,,,,,
32,145,渡舟,蔵元：府中誉株式会社,蔵元：茨城県石岡市国府5-9-32,純米,精米歩合：55%,度数：15.0以上～16.0度未満,None,None,None,原材料：米・米こうじ,,,,,,,
33,147,明鏡止水,蔵元：大澤酒造株式会社,蔵元：長野県佐久市茂田井2206,None,None,度数：16.0以上～17.0度未満,日本酒度：＋3,酸度：1.4,None,原材料：米・米こうじ・醸造アルコール,原料米：美山錦,種類：吟醸酒,,,,,
34,149,眞澄　奥伝寒造り,蔵元：宮坂醸造株式会社,蔵元：長野県諏訪市元町1-16,純米,精米歩合：60%,度数：15度,None,None,None,原材料：米・米こうじ,原料米：美山錦80%・ひとごこち20%,種類：純米酒,,,,,
35,151,花の舞　純米吟醸,蔵元：花の舞酒造株式会社,蔵元：静岡県浜松市浜北区宮口632,純米,精米歩合：55%,度数：18度以上19度未満,None,None,None,原材料：米・米こうじ,原料米：山田錦100%,,,,,,
36,153,喜久酔,蔵元：青島酒造株式会社,蔵元：静岡県藤枝市上青島246,非純米,精米歩合：50%,度数：15度以上16度未満,日本酒度：＋5～+9,酸度：1.1～1.4,None,原材料：米・米こうじ・醸造アルコール,,,,,,,
37,155,瀧自慢,蔵元：瀧自慢酒造株式会社,蔵元：三重県名張市赤目町柏原141,純米,精米歩合：麹米 ? 50% ・ 掛米 ? 55%,度数：17.0以上～18.0度未満,日本酒度：＋3,酸度：1.6,None,原材料：米・米こうじ,原料米：麹米 ? 山田錦 ・ 掛米 ? 五百万石,使用酵母：蔵内自家培養酵母,種類：純米吟醸　無濾過生酒,,,,
38,157,澤屋まつもと 無濾過本生原酒　愛山,蔵元：松本酒造株式会社,蔵元：京都市伏見区横大路三栖大黒町7,純米,精米歩合：65%,度数：18度台,日本酒度：＋3.5,酸度：1.7,アミノ酸度：1.0,原材料：米・米麹,原料米：愛山（兵庫県産）,種類：純米無濾過本生原酒,,,,,
39,160,酔心,蔵元：酔心山根本店,蔵元：広島県三原市東町1-5-58,None,精米歩合　：　65%,None,日本酒度　：　＋2.0,None,None,コメント　：　やや辛口の酒。　広島、鷹ノ巣山山麓のブナの原生林に湧く「ブナのめぐみ」といえる清冽な軟水と、最高級の酒米「山田錦」を合わせて丹念に醸し出すと、馥郁な香りとすっきりとした飲み口の酒が出来上がる。　「軟水の女酒」と賞讃される酒「酔心」。　飲み飽きない旨味は、横山大観が好んだ酒として知られてる。（しおりより）,原料米　：　麹米 山田錦 / 掛米 広島県産米,仕込水　：　鷹ノ巣山山麓の湧水,,,,,
40,162,獺祭（だっさい） 発泡にごり酒,蔵元：旭酒造株式会社,蔵元：山口県岩国市周東町獺越2167-4,純米,精米歩合：50%,度数：15.0以上～16.0度未満,None,None,None,原材料名：米・米こうじ,種類：発泡にごり酒,,,,,,
41,164,越乃八豊,蔵元：越後酒造場,蔵元：新潟県新潟市葛塚3306-1,純米,精米歩合　：　60%,度数　：　14.0～15.0度未満,None,None,None,種類　：　山廃　無濾過　純米吟醸,,,,,,,
42,166,菊姫　山廃仕込 純米生原酒,蔵元：加賀菊酒本舗 菊姫合資会社,蔵元：石川県白山市鶴来新町夕8,純米,精米歩合　：　70%,度数　：　16.0～17.0度未満,None,None,None,原料米　：　兵庫県吉川町産特A山田錦100%使用,種類　：　山廃 純米,,,,,,
43,169,菊姫 にごり酒,蔵元：菊姫合資会社,蔵元：石川県白山市鶴来新町夕-8,非純米,None,度数　：　14.0～15.0度未満,None,None,None,原材料名：米・米こうじ・醸造アルコール,原料米　：　兵庫県吉川町産特A山田錦100%使用,,,,,,
44,171,大山 特別純米酒,蔵元：加藤嘉八郎酒造株式会社,蔵元：山形県鶴岡市大山三丁目1-38,純米,精米歩合：60%,度数　：　14.0～15.0度未満,None,None,None,種類：純米,,,,,,,
45,173,純,蔵元：株式会社　宇野酒造場,蔵元：福井県大野市本町3-4,純米,精米歩合：55%,度数：15.0～16.0度未満,日本酒度：+2.5,酸度：+1.5,None,原材米：福井五百万石,原材料名：米・米こうじ,使用酵母：協会14号,種類：純米酒,杜氏：南山幸男（能登杜氏）,,,
46,177,天狗舞,蔵元：株式会社車多酒造,蔵元：石川県白山市坊丸町60番地1,純米,精米歩合　：　60%,度数　：　15.0～16.0度未満,None,None,None,種類　：　純米　山廃,,,,,,,
47,179,千寿　久保田,蔵元：朝日酒造株式会社,蔵元：新潟県長岡市朝日880-1,非純米,None,度数　：　15.0～16.0度未満,None,None,None,原材料名：米、米こうじ、醸造アルコール,,,,,,,
48,181,百寿　越乃かぎろひ,蔵元：朝日酒造株式会社,蔵元：新潟県長岡市朝日880-1,純米,None,度数　：　15.0～16.0度未満,None,None,None,原材料名：米、米こうじ,,,,,,,
49,183,壱乃　越州,蔵元：朝日酒造株式会社,蔵元：新潟県長岡市朝日880-1,非純米,None,度数　：　15.0～16.0度未満,None,None,None,原材料名：米、米こうじ、醸造アルコール,,,,,,,
50,185,八海山 純米吟醸,蔵元：八海醸造株式会社,蔵元：新潟県南魚沼市長森1051,純米,精米歩合：50%,度数　：　15.5度,None,None,None,原材料名：米、米こうじ,,,,,,,
51,187,越後鶴亀　復刻明治,蔵元：上原酒造株式会社,蔵元：新潟県新潟市竹野町2575-2,純米,精米歩合：60%,度数　：　18度以上19度未満,None,None,None,原材料名：米、米こうじ,,,,,,,
52,189,福乃光・無濾過原酒,蔵元：株式会社福光屋,蔵元：金沢市石引2-8-3,純米,精米歩合：70%,度数　：　18.0～19.0度未満,日本酒度：＋1,酸度：2.0,None,原材料名：米、米こうじ,,,,,,,
53,191,艶,蔵元：加藤吉平商店,蔵元：福井県鯖江市吉江町1-11,純米,精米歩合：50%,度数：15.0～16.0度未満,None,None,None,原材料名：米、米こうじ,原料米：兵庫県産契約栽培山田錦100%,使用酵母：KATO 9号（自社酵母）,種類：純米大吟醸,,,,
54,193,越後流,蔵元：大洋酒造株式会社,蔵元：新潟県村上市飯野1-4-31,非純米,精米歩合：50%,度数：15.0～16.0度未満,None,None,None,原材料名：米、米こうじ、醸造アルコール,種類：大吟醸,,,,,,
55,195,一耕,蔵元：出羽桜酒造株式会社,蔵元：山形県天童市一日町1-4-6,純米,精米歩合：55%,度数：15.0～16.0度未満,None,None,None,原材料名：米、米こうじ,種類：純米・生,,,,,,
56,197,出羽桜　大吟醸,蔵元：出羽桜酒造株式会社,蔵元：山形県天童市一日町１丁目4-6,非純米,精米歩合　：48%,度数　：　15度以上～16度未満,None,None,None,原材料：米・米こうじ・醸造アルコール,,,,,,,
57,199,小鼓,蔵元：（株）西山酒造場,蔵元：兵庫県丹波市市島町中竹田1171,非純米,精米歩合：55%,度数：16.0～17.0度未満,None,None,None,原材料名：米、米こうじ、醸造アルコール,原料米：山田錦20%、五百万石80%,種類：生詰吟醸,,,,,
58,201,酔鯨,蔵元：酔鯨酒造株式会社,蔵元：高知市長浜566,純米,精米歩合：55%,度数：15.0～16.0度未満,None,None,None,原材料名：米、米こうじ,種類：特別純米酒,,,,,,
59,203,雪の十和田,蔵元：株式会社 北鹿,蔵元：秋田県大館市有浦2-2-3,純米,精米歩合：65%,度数：15.0～16.0度未満,None,None,None,種類：純米山廃,,,,,,,
60,205,山田錦,蔵元：白鶴酒造株式会社,蔵元：神戸市灘区住吉南町4-5-5,純米,精米歩合：70%,度数：14.0～15.0度未満,None,None,None,原料　：　米・米麹,,,,,,,
61,207,赤丈（純米大吟醸無濾過原酒）,蔵元：中井酒造株式会社,蔵元：鳥取県倉吉市中河原555,純米,精米歩合：50%,度数：18.0度,日本酒度：+4,酸度：1.6,None,原料　：　米・米麹,,,,,,,
62,209,繁桝,蔵元：株式会社高橋商店,蔵元：福岡県八女市大字本町2-22-1,非純米,精米歩合：40%,度数　：　17.0～18.0度未満,日本酒度：＋5,None,None,原材料名：米、米こうじ,原料米：山田錦,種類：大吟醸　生々,,,,,
63,211,繁桝クラシック　特別純米酒,蔵元：株式会社高橋商店,蔵元：福岡県八女市大字本町2-22-1,純米,精米歩合：60%,度数　：　15度以上～16度未満,None,None,None,原材料名：米、米こうじ,,,,,,,
64,213,松浦一 純米大吟醸,蔵元：松浦一酒造株式会社,蔵元：佐賀県伊万里市山代町楠久312,純米,精米歩合：40%,None,日本酒度：-1,酸度：1.8,None,原料：米・米麹,原料米：山田錦,,,,,,
65,215,六十餘洲,蔵元：今里酒造株式会社,蔵元：長崎県東彼杵郡波佐見町宿郷596,純米,精米歩合：60%,度数：17.8度未満,日本酒度：＋1.0,酸度：2.3,None,原料：米・米麹,原料米：レイホウ,種類：純米　無濾過原酒,杜氏：吉川昭義,,,,
66,218,吾妻,蔵元：（資）伊藤酒造場,蔵元：長崎県雲仙市吾妻町古城名241,非純米,None,度数：15.0～16.0度未満,None,None,None,原料　：　米・米麹・醸造アルコール・糖類,,,,,,,
67,220,白星：にごり生酒,蔵元：潜龍酒造株式会社,蔵元：長崎県北松浦郡江迎町長坂免209,非純米,None,度数　：14.0～15.0度未満,None,None,None,原料　：　米・米麹・醸造アルコール・糖類,,,,,,,
68,222,殿様への献上酒,蔵元：潜龍酒造株式会社,蔵元：長崎県北松浦郡江迎町長坂免209,非純米,None,度数　：18.0～19.0度未満（純米）、19.0～20.0度未満（甘口）、20.0～21.0度未満（辛口）,None,None,None,原料　：　米・米麹（純米）　米・米麹・醸造アルコール（辛口、甘口）,,,,,,,
69,224,スズメバチ酒,蔵元：オイ,None,None,None,アルコール度数：15度,None,None,None,価格：非売品,原料：酒・スズメバチ,容量：だんだん増えてます,,,,,
70,226,たまご酒,蔵元：オイ,None,None,None,アルコール度数：15度,None,None,None,価格：非売品,原料：酒・砂糖・卵,容量：まちまち,,,,,
71,251,一ノ蔵 特別純米酒 超辛口,蔵元：株式会社 一ノ蔵,蔵元：宮城県大崎市松山千石字大欅14,純米,精米歩合　：55%,度数　：15～16度未満,None,None,None,原料　：　米・米こうじ,,,,,,,
72,254,一ノ蔵 純米吟醸,蔵元：株式会社 一ノ蔵,蔵元：宮城県大崎市松山千石字大欅14,純米,精米歩合　：50%,度数　：15～16度未満,None,None,None,原料　：　米（宮城県産）・米こうじ（宮城県産米）,,,,,,,
73,258,喜楽長 純米大吟醸 夢銀河,蔵元：喜多酒造 株式会社,蔵元：滋賀県東近江市池田町1129,純米,精米歩合　：50%,度数　：17～18度未満,None,None,None,原料　：　米・米こうじ,,,,,,,
74,262,梅乃宿　純米吟醸　しぼりたて,蔵元：梅乃宿酒造 株式会社,蔵元：奈良県葛城市東室27,純米,精米歩合　：60%,度数　：17～18度未満,None,None,None,原料　：　米・米こうじ,,,,,,,
75,264,誠鏡　純米吟醸 雄町,蔵元：中尾醸造 株式会社,蔵元：広島県竹原市中央5-9-14,純米,精米歩合　：55%,度数　：15～16度未満,日本酒度　：＋3,None,None,原料　：　米・米こうじ,,,,,,,
76,266,能古見　純米吟醸,蔵元：有限会社 馬場酒造場,蔵元：佐賀県鹿島市大字三河内乙1365,純米,精米歩合　：50%,度数　：16～17度未満,日本酒度　：＋1前後,None,None,原料　：　米・米こうじ,,,,,,,
77,268,黒兜 山田錦 純米吟醸,蔵元：池亀酒造株式会社,蔵元：福岡県久留米市三潴町草場545 ,純米,精米歩合　：50%,度数　：15度未満,None,None,None,原料　：　米・米こうじ,,,,,,,
78,271,巌瀬 純米吟醸,蔵元：皇国晴酒造株式会社,蔵元：富山県黒部市生地296,純米,精米歩合　：50%,度数　：15度,日本酒度　：+4,酸度　：1.6,None,原料　：　米・米こうじ,,,,,,,
79,273,白岳仙 純米吟醸,蔵元：安本酒造有限会社,蔵元：福井県福井市安原町7-4,純米,精米歩合　：55%,度数　：15度以上16度未満,None,None,None,原料　：　米・米こうじ,,,,,,,
80,275,肥前蔵心 純米吟醸,蔵元：矢野酒造株式会社,蔵元：佐賀県鹿島市大字高津原3903-1,純米,精米歩合　：50%,度数　：15度以上16度未満,日本酒度　：+1,酸度　：1.6,アミノ酸度　：1.3,原料　：　米・米こうじ,,,,,,,
81,288,黒兜 夢一献 純米吟醸,蔵元：池亀酒造株式会社,蔵元：福岡県久留米市三潴町草場545 ,純米,精米歩合　：55%,度数　：15度,None,None,None,原料　：　米・米こうじ,,,,,,,
82,293,梅乃宿　純米吟醸　生原酒,蔵元：梅乃宿酒造 株式会社,蔵元：奈良県葛城市東室27,純米,精米歩合　：50%,度数　：17～18度未満,None,None,None,原料　：　米・米こうじ,,,,,,,
83,295,龍力 特別純米酒,蔵元：株式会社　本田商店,蔵元：兵庫県姫路市網干区高田361-1,純米,精米歩合：65%,度数：16度以上17度未満,None,None,None,原材料：米・米こうじ,,,,,,,
84,297,上松 龍力米のささやき 大吟醸,蔵元：株式会社　本田商店,蔵元：兵庫県姫路市網干区高田361-1,非純米,精米歩合：酒母・麹米35% 掛米35%,度数：17度以上18度未満,日本酒度：+3.0,酸度：1.2,アミノ酸度：0.8,原材料：米・米こうじ・醸造アルコール,原料米：山田錦100%,原料米産地：兵庫県特A地区 上松,杜氏氏名：藤原光雄,,,,
85,299,秋宵 ひやおろし,蔵元：盛川酒造株式会社,蔵元：広島県呉市安浦町原畑44,純米,精米歩合：65%,度数：15度以上16度未満,None,None,None,原材料：米・米こうじ,,,,,,,
86,302,阿櫻 純米大吟醸,蔵元：阿桜酒造株式会社,蔵元：秋田県横手市大沢字西野67-2,純米,精米歩合：43%,度数：16度,None,None,None,原材料：米・米こうじ,,,,,,,
87,304,隠し剣 超長期醗酵 大吟醸,蔵元：酒六酒造株式会社,蔵元：愛媛県喜多郡内子町内子3279-1,純米,精米歩合：50%,度数：15度以上16度未満,None,None,None,原材料：米・米こうじ,,,,,,,
88,306,ひと夏熟成　槽汲み,蔵元：株式会社杜の蔵,蔵元：福岡県久留米市三潴町玉満2773,純米,精米歩合：65%,度数：17度,None,None,None,原材料：米・米こうじ,,,,,,,
89,308,聖,蔵元：聖酒造株式会社,蔵元：群馬県渋川市北橘町下箱田380,純米,精米歩合：60%,度数：16度以上17度未満,None,None,None,原材料：米・米こうじ,,,,,,,
90,310,はねぎ搾り 純米吟醸酒,蔵元：合資会社 吉田屋,蔵元：長崎県南島原市有家町山川785,純米,精米歩合：60%,度数：14度以上15度未満,None,None,None,原材料：米・米こうじ,,,,,,,
91,325,東龍 純米大吟醸,蔵元：東春酒造株式会社,蔵元：愛知県名古屋市守山区瀬古東3-1605,純米,精米歩合：35%,度数：15度以上16度未満,日本酒度：+2,酸度：1.3,アミノ酸度：1.1,原材米：山田錦100%,原材料：米・米こうじ,,,,,,
92,337,月輪　杜氏　横沢裕子,蔵元：（有）月の輪酒造店,蔵元：岩手県柴波町高水寺字向畑101,純米,精米歩合：65%,度数：15度,None,None,None,原材料：米・米こうじ,,,,,,,
93,339,蒲原 純米吟醸,蔵元：下越酒造株式会社,蔵元：新潟県東蒲原郡阿賀町津川3644,純米,精米歩合：精米歩合：麹米50％、掛米50%,度数：16～17度,None,None,None,原材料：米・米こうじ,,,,,,,
94,341,萬年雪 超辛口,蔵元：森田酒造株式会社,蔵元：岡山県倉敷市本町8-8,非純米,精米歩合：70%,度数：17～18度未満,None,None,None,原材料：米・米こうじ・醸造アルコール,,,,,,,
95,343,蔵出ししぼりたて 杵の川,蔵元：株式会社杵の川,蔵元：長崎県諌早市土師野尾町17-4,非純米,None,度数：19度,None,None,None,原材料：米・米こうじ・醸造アルコール,,,,,,,
96,345,貴,蔵元：株式会社永山本家酒造場,蔵元：山口県宇部市車地138,純米,精米歩合：50%,度数：16度以上17度未満,None,None,None,原材料：米・米こうじ,,,,,,,
97,347,神亀 純米酒,蔵元：神亀酒造株式会社,蔵元：埼玉県蓮田市大字馬込1978,純米,None,度数：15度以上16度未満,None,None,None,原材料：米・米麹,,,,,,,
98,349,スーパーくどき上手 純米大吟醸,蔵元：亀の井酒造株式会社,蔵元：山形県鶴岡市羽黒町戸野福の内一,None,精米歩合：30%,度数：17.0以上～18.0度未満,日本酒度：＋1.0,酸度：1.2,None,原材料：米・米こうじ,原料米：改良信交100%,使用酵母：M310,,,,,
99,351,龍力 米のささやき 大吟醸,蔵元：株式会社　本田商店,蔵元：兵庫県姫路市網干区高田361-1,非純米,精米歩合：35%,度数：17度以上18度未満,日本酒度：+3.0,酸度：1.2,アミノ酸度：0.9,原材料：米・米こうじ・醸造アルコール,原料米：山田錦100%,原料米産地：兵庫県特A地区,杜氏氏名：藤原光雄,,,,
100,353,龍力 純米しぼりたて,蔵元：株式会社　本田商店,蔵元：兵庫県姫路市網干区高田361-1,純米,精米歩合：65%,度数：18度以上19度未満,None,None,None,原材料：米・米こうじ,,,,,,,
101,358,白岳仙 山田錦十六号 中取り,蔵元：安本酒造有限会社,蔵元：福井県福井市安原町7-4,純米,精米歩合　：55%,度数　：15度以上16度未満,None,None,None,原料　：　米・米こうじ,,,,,,,
102,372,誠鏡 生詰原酒,蔵元：中尾醸造 株式会社,蔵元：広島県竹原市中央5-9-14,純米,精米歩合　：65%,度数　：16～17度未満,日本酒度　：-1,酸度　：1度5分,None,原料　：　米・米こうじ,,,,,,,
103,375,独楽蔵 純米吟醸,蔵元：株式会社杜の蔵,蔵元：福岡県久留米市三潴町玉満2773,純米,精米歩合：55%,度数：15度,None,None,None,原材料：米・米こうじ,,,,,,,
104,393,常山 特選純米酒,蔵元：常山酒造合資会社,蔵元：福井県福井市御幸1-19-10,純米,精米歩合：60%,度数：15.0～16.0度未満,None,酸度：1.4,None,原材料名：米、米こうじ,原料米：五百万石100%使用,,,,,,
105,397,墨廼江 純米吟醸 生,蔵元：墨廼江酒造株式会社,蔵元：宮城県石巻市千石町8-43,純米,精米歩合：55%,度数：16.0～17.0度未満,None,None,None,原材料名：米、米こうじ,,,,,,,
106,399,亀酔,蔵元：米鶴酒造株式会社,蔵元：山形県東置賜郡高畠町二井宿1076,純米,精米歩合：60%,度数：15度,日本酒度：+1～+3,None,None,原材料名：米、米こうじ,,,,,,,
107,401,諏訪浪漫 純米大吟醸,蔵元：麗人酒造株式会社,蔵元：長野県諏訪市諏訪２－９－２１,純米,精米歩合：49%,度数：15度以上～16度未満,日本酒度：+1,酸度：1.5,アミノ酸度：1.0,原材料名：米、米こうじ,,,,,,,
108,403,真野鶴 辛口吟醸,蔵元：尾畑酒造株式会社,蔵元：新潟県佐渡市真野新町449,非純米,精米歩合：55%,度数：15度以上～16度未満,日本酒度：+5～7,酸度：1.2前後,アミノ酸度：1.0前後,原材料名：米、米こうじ、醸造アルコール,,,,,,,
109,406,峰乃白梅 超淡麗辛口,蔵元：福井酒造株式会社,蔵元：新潟県新潟市西蒲区福井1833,純米,精米歩合：65%,度数：15度以上～16度未満,日本酒度：+8,None,None,原材料名：米、米こうじ,,,,,,,
110,408,播州一献 純米吟醸,蔵元：山陽盃酒造株式会社,蔵元：兵庫県宍粟市山崎町山崎２８,純米,精米歩合：55%,度数：15度以上～16度未満,日本酒度：+3,None,None,原材料名：米、米こうじ,,,,,,,
111,410,米百俵 純米吟醸,蔵元：栃倉酒造株式会社,蔵元：新潟県長岡市大積町１丁目  乙274?3,純米,精米歩合：50%,度数：15度以上～16度未満,None,None,None,原材料名：米、米こうじ,,,,,,,
112,412,秋鹿 純米吟醸 生酒,蔵元：秋鹿酒造,蔵元：大阪府豊能郡能勢町倉垣１００７,純米,精米歩合　：　60%,度数　：　15.0～16.0度未満,None,None,None,原材料　：　米、米こうじ,原料米　：　能勢産山田錦100%,,,,,,
113,422,賀茂鶴 大吟醸,蔵元：賀茂鶴酒造株式会社,蔵元：広島県東広島市西条本町4-31,非純米,精米歩合：50%,度数：16.0～17.0度未満,None,None,None,原材料：米、米こうじ、醸造アルコール、金箔,原料米：能勢産山田錦100%,,,,,,
114,424,まほろば,蔵元：米鶴酒造株式会社,蔵元：山形県東置賜郡高畠町二井宿1076,純米,精米歩合：60%,度数：15度,日本酒度：+1～+3,None,None,原材料名：米、米こうじ,,,,,,,
115,426,松浦一 純米吟醸,蔵元：松浦一酒造株式会社,蔵元：佐賀県伊万里市山代町楠久312,純米,精米歩合：50%,アルコール度数：15度,日本酒度：-2,酸度：1.6,None,原料：米・米麹,原料米：赤磐雄町100%,,,,,,
116,428,米の極,蔵元：菊川株式会社,蔵元：岐阜県各務原市鵜沼西町1-543,純米,None,アルコール度数：15度以上16度未満,None,None,None,原料：米・米麹,,,,,,,
117,430,阿波鶴,蔵元：明星酒造有限会社,蔵元：徳島県美馬市美馬町喜来市71-1,非純米,None,アルコール度数：15度以上16度未満,None,None,None,原料：米、米麹、醸造アルコール,,,,,,,
118,432,極上黒松剣菱,蔵元：剣菱酒造有限会社,蔵元：神戸市東灘区深江浜町53,非純米,None,アルコール度数：16.8度,None,None,None,原料：米、米麹、醸造アルコール,,,,,,,
119,434,奥の松 純米吟醸,蔵元：奥の松酒造株式会社,蔵元：福島県二本松市長命69,None,精米歩合：58%,アルコール度数：15度,日本酒度：+1.0,酸度：1.4,None,原料：米、米麹,,,,,,,
120,440,春霞　純米　無濾過生,蔵元：（名）栗林酒造店,蔵元：秋田県仙北郡美郷町六郷字米町56,None,精米歩合：60%,アルコール度数：16度以上17度未満,日本酒度：-1.0,酸度：1.7,None,原料：米（国産）、米麹（国産米）,原料米：美山錦100%,使用酵母：K-901,,,,,
121,445,原田 純米吟醸,蔵元：株式会社はつもみぢ,蔵元：山口県周南市飯島町1-40,None,精米歩合：50%,アルコール度数：15度以上16度未満,日本酒度：+3,酸度：1.6,None,原料：米（山口県産）、米麹（山口県産米）,原料米：山田100%,,,,,,
122,447,水尾 純米吟醸,蔵元：株式会社田中屋酒造店,蔵元：長野県飯山市大字飯山2227,None,精米歩合：49%,アルコール度数：15度以上16度未満,None,None,None,原料：米、米麹,原料米：金紋錦100%（長野県産木島平村産）,,,,,,
123,455,肥前蔵心 純米吟醸　生貯蔵酒,蔵元：矢野酒造株式会社,蔵元：佐賀県鹿島市大字高津原3903-1,純米,精米歩合　：55%,度数　：15度以上16度未満,None,None,None,原料　：　米・米こうじ,,,,,,,
124,458,豊潤　純米吟醸,蔵元：株式会社 小松酒造場,蔵元：大分県宇佐市大字長洲3341,純米,精米歩合：50%,度数：16度,None,None,None,原料：米・米こうじ,,,,,,,
125,466,月山 純米吟醸,蔵元：吉田酒造株式会社,蔵元：島根県安来市広瀬町広瀬1216,純米,精米歩合：55%,度数：17度以上18度未満,日本酒度：+3.0,酸度：1.5,None,原料：米・米こうじ,原料米：佐香錦100%,,,,,,
126,470,〆張鶴　樽酒,蔵元：宮尾酒造株式会社,蔵元：新潟県村上市上片町5-15,非純米,None,度数：15度以上16度未満,None,None,None,原料：米・米こうじ・醸造用アルコール,,,,,,,
127,473,文佳人 純米吟醸 辛口,蔵元：株式会社アリサワ　有澤酒造場,蔵元：高知県香美市土佐山田町西本町1-4-1,純米,精米歩合：55%,度数：15度以上16度未満,None,None,None,原料：米・米こうじ,,,,,,,
128,477,麒麟山 大吟醸 辛口,蔵元：麒麟山酒造株式会社,蔵元：新潟県東蒲原郡阿賀町津川46,非純米,精米歩合：45%,度数：15度以上16度未満,None,None,None,原料：米・米こうじ・醸造アルコール,,,,,,,
129,481,天吹　純米吟醸,蔵元：天吹酒造合資会社,蔵元：佐賀県三養基郡みやき町大字東尾2894,純米,精米歩合　：55%,度数　：16度以上17度未満,None,None,None,原料　：　米・米こうじ,酵母　：　なでしこ酵母,,,,,,
130,487,相模灘　純米吟醸,蔵元：久保田酒造株式会社,蔵元：神奈川県相模原市緑区根小屋７０２,純米,精米歩合　：50%,度数　：16度,None,None,None,原料　：　米・米こうじ,,,,,,,
131,490,楯野川 純米大吟,蔵元：楯の川酒造株式会社,蔵元：山形県酒田市山楯字清水田27,純米,精米歩合：0%,度数：15度以上16度未満,None,None,None,原材料名：米、米こうじ,,,,,,,
132,494,菊姫 姫,蔵元：菊姫合資会社,蔵元：石川県白山市鶴来新町夕-8,非純米,None,度数　：　14.0～15.0度未満,None,None,None,原材料名：米・米こうじ・醸造アルコール,,,,,,,
133,497,菊姫 菊,蔵元：菊姫合資会社,蔵元：石川県白山市鶴来新町夕-8,非純米,None,度数　：　15.0～16.0度未満,None,None,None,原材料名：米・米こうじ・醸造アルコール,,,,,,,
134,502,宮の松 純米酒 七割磨き,蔵元：合名会社 松尾酒造場,蔵元：佐賀県西松浦郡有田町大木宿乙617,純米,精米歩合：70%,度数：15度,None,None,None,原材料名：米・米こうじ,,,,,,,
135,512,はねぎ搾り 純米酒,蔵元：合資会社 吉田屋,蔵元：長崎県南島原市有家町山川785,純米,精米歩合：70%,度数：14度以上15度未満,None,None,None,原材料：米・米こうじ,,,,,,,
136,514,瑞冠 純米吟醸 山ハイ仕込,蔵元：山岡酒造株式会社,蔵元：広島県三次市甲奴町西野489-1,純米,精米歩合：60%,度数：16度以上17度未満,None,None,None,原材料：米・米こうじ,,,,,,,
137,516,やまたのおろち 超辛・特別純米,蔵元：李白酒造有限会社,蔵元：島根県松江市石橋町335,純米,精米歩合：58%,度数：15度以上16度未満,None,None,None,原材料：米・米こうじ,,,,,,,
138,518,菊姫　特撰　純米,蔵元：菊姫合資会社,蔵元：石川県白山市鶴来新町夕-8,純米,精米歩合：65%,度数　：　16.0～17.0度未満,None,None,None,原材料名：米・米こうじ,原料米：兵庫県三木市吉川町（特A地区）産　山田錦100%使用,,,,,,
139,520,垂氷 純米,蔵元：大澤酒造株式会社,蔵元：長野県佐久市茂田井2206,None,精米歩合：麹米60% 掛米65%,度数：16.0以上～17.0度未満,None,None,None,原材料：米・米こうじ,原料米：兵庫県産山田錦100%使用,,,,,,
140,522,天吹　純米吟醸 生もと,蔵元：天吹酒造合資会社,蔵元：佐賀県三養基郡みやき町大字東尾2894,None,精米歩合　：55%,度数　：16度,None,None,None,原料　：　米・米こうじ,原料米　：　山田錦100%,酵母　：　月下美人酵母,,,,,
141,524,李白 純米大吟醸,蔵元：李白酒造有限会社,蔵元：島根県松江市石橋町335,純米,精米歩合：45%,度数：16度以上17度未満,None,None,None,原材料：米・米こうじ,,,,,,,
142,527,菊姫 ひやおろし,蔵元：菊姫合資会社,蔵元：石川県白山市鶴来新町夕-8,純米,精米歩合：65%,度数：18.0度未満,None,None,None,原材料名：米・米こうじ,原料米：兵庫県三木市吉川町（特A地区）産　山田錦100%使用,,,,,,
143,531,風の森,蔵元：油長酒造株式会社,蔵元：奈良県御所市本町1160,純米,精米歩合：45%,度数：17度,None,None,None,原材料名：米・米こうじ,,,,,,,
144,533,玉出泉 ひやおろし,蔵元：大賀酒造株式会社,蔵元：福岡県筑紫野市二日市中央4-9-1,純米,精米歩合：65%,度数：14度,None,None,None,原材料名：米・米こうじ,,,,,,,
145,538,賀茂鶴　純米吟醸　にごり,蔵元：賀茂鶴酒造株式会社,蔵元：広島県東広島市西条本町4-31,純米,精米歩合：60%,度数：15.0～16.0度未満,日本酒度：-20,None,None,原材料：米、米こうじ,,,,,,,
146,542,大信州 純米吟醸 ひやおろし,蔵元：大信州酒造株式会社,蔵元：長野県松本市島立2380,純米,精米歩合：50%,度数：16度,None,None,None,原材料：米、米こうじ,,,,,,,
147,546,〆張鶴　大吟醸 金ラベル,蔵元：宮尾酒造株式会社,蔵元：新潟県村上市上片町5-15,非純米,精米歩合：35%,度数：16度,None,None,None,原料：米・米こうじ・醸造用アルコール,,,,,,,
148,549,天巧 純米大吟醸,蔵元：小玉醸造株式会社,蔵元：秋田県潟上市飯田川飯塚字飯塚34-1,純米,精米歩合：40%,度数：16度以上17度未満,日本酒度：+2.0,酸度：1.5,None,原料：米・米こうじ,原料米：山田錦100%,,,,,,
149,554,太冠 純米吟醸,蔵元：太冠酒造株式会社,蔵元：山梨県南アルプス市上宮地57,純米,精米歩合：50%,度数：15度以上16度未満,日本酒度：+5,酸度：1.6,None,原料：米・米こうじ,原料米：雄町,,,,,,
150,557,男山　生もと 純米酒,蔵元：男山株式会社,蔵元：北海道旭川市永山二条7丁目,純米,精米歩合：60%,度数：15度,None,None,None,原料：米・米こうじ,,,,,,,
151,561,亀遊 純米吟醸 生酒,蔵元：池亀酒造株式会社,蔵元：福岡県久留米市三潴町草場545 ,純米,精米歩合　：55%,度数　：15度,None,None,None,原料　：　米・米こうじ,,,,,,,
152,565,六號　ひやおろし　特別純米酒,蔵元：新政酒造株式会社,蔵元：秋田県秋田市大町6-2-35,純米,精米歩合　：60%,度数　：16度,None,None,None,原料　：　米・米こうじ,使用酵母　：六号酵母,,,,,,
153,568,大山 特別純米酒,蔵元：加藤嘉八郎酒造株式会社,蔵元：山形県鶴岡市大山三丁目1-38,None,精米歩合：60%,度数　：　15～16度未満,None,None,None,None,,,,,,,
154,572,みやさか　純米吟醸,蔵元：宮坂醸造株式会社,蔵元：長野県諏訪市元町1-16,None,精米歩合：50%,度数：16度,None,None,None,原材料：米・米こうじ,原料米：美山錦100%,,,,,,
155,576,開華　純米吟醸,蔵元：第一酒造株式会社,蔵元：栃木県佐野市田島町488,純米,精米歩合：53%,度数：16度,None,None,None,原材料：米・米こうじ,,,,,,,
156,580,繁桝 限定大吟醸　生々,蔵元：株式会社　高橋商店,蔵元：福岡県八女市本町2-22-1,非純米,精米歩合：50%,度数：17度以上18度未満,None,None,None,原材米：山田錦100%,原材料：米（国産）・米麹（国産）・醸造アルコール,,,,,,
157,584,開華 純米 あらばしり 無濾過生原酒,蔵元：第一酒造株式会社,蔵元：栃木県佐野市田島町488,純米,精米歩合：65%,度数：17度,None,None,None,原材料：米・米こうじ,,,,,,,
158,588,夏子物語 特別純米酒,蔵元：久須美酒造株式会社,蔵元：新潟県長岡市小島谷1537-2,純米,精米歩合：55%,度数：15度以上16度未満,None,None,None,原材料：米・米こうじ,,,,,,,
159,591,白岳仙 純米吟醸 奥越五百万石,蔵元：安本酒造有限会社,蔵元：福井県福井市安原町7-4,純米,精米歩合　：58%,度数　：15度以上16度未満,None,None,None,原料　：　米・米こうじ,,,,,,,
160,594,龍力 特別純米 生もと仕込み,蔵元：株式会社　本田商店,蔵元：兵庫県姫路市網干区高田361-1,純米,精米歩合：65%,度数：16度以上17度未満,None,None,None,原材料：米・米こうじ,,,,,,,
161,597,出羽桜 純米吟醸酒 無濾過生原酒,蔵元：出羽桜酒造株式会社,蔵元：山形県天童市一日町１丁目4-6,None,精米歩合　：50%,度数　：　17度,None,None,None,原材料：米・米こうじ,,,,,,,
162,600,大山 封印酒 純米吟醸,蔵元：加藤嘉八郎酒造株式会社,蔵元：山形県鶴岡市大山三丁目1-38,None,精米歩合：50%,度数　：　15～16度未満,None,None,None,None,,,,,,,
163,604,真鶴 純米大吟醸 飛翔,蔵元：株式会社 田中酒造店,蔵元：宮城県加美郡加美町字西田88-1,純米,精米歩合：40%,度数：15～16度未満,日本酒度：+1.0～+2.0,酸度：1.0ml～1.2ml,アミノ酸度：1.0ml～1.2ml,原材米：兵庫県産山田錦100%,原材料：米、米麹,仕込水：奥羽山系湧水,,,,,
164,607,真鶴 純米吟醸,蔵元：株式会社 田中酒造店,蔵元：宮城県加美郡加美町字西田88-1,純米,精米歩合：50%,度数：15～16度未満,None,None,None,原材料：米、米麹,,,,,,,
165,611,梅乃宿 特別純米酒,蔵元：梅乃宿酒造 株式会社,蔵元：奈良県葛城市東室27,純米,精米歩合　：55%,度数　：15～16度未満,None,None,None,原料　：　米・米こうじ,,,,,,,
166,615,楯野川 純米大吟醸 美山錦,蔵元：楯の川酒造株式会社,蔵元：山形県酒田市山楯字清水田27,純米,精米歩合：50%,度数：15度以上16度未満,None,None,None,原材料名：米、米こうじ,,,,,,,
167,619,啓翁桜　純米大吟醸,蔵元：和田酒造合資会社,蔵元：山形県西村山郡河北町谷地甲17,純米,精米歩合：40%,度数：15度以上16度未満,日本酒度：+3,酸度：1.4,None,原材料名：米、米こうじ,原料米：改良信交100%,,,,,,
168,622,雪男 純米酒,蔵元：青木酒造株式会社,蔵元：新潟県南魚沼市塩沢1214,純米,精米歩合：60%,度数：15度,None,None,None,原材料名：米、米こうじ,,,,,,,
169,625,六號　なまざけ　特別純米酒,蔵元：新政酒造株式会社,蔵元：秋田県秋田市大町6-2-35,純米,精米歩合　：60%,度数　：15度,None,None,None,原料　：　米・米こうじ,使用酵母　：きょうかい6号,,,,,,
170,629,麹屋 純米吟醸,蔵元：株式会社　高橋商店,蔵元：福岡県八女市本町2-22-1,純米,精米歩合：55%,度数：15度以上16度未満,日本酒度：+2,酸度：1.4,None,原材料：米・米麹,,,,,,,
171,632,豊盃 純米吟醸,蔵元：三浦酒造株式会社,蔵元：青森県弘前市大字石渡5-1-1,純米,精米歩合：55%,度数：15度以上16度未満,None,None,None,原材料：米（国産）・米麹（国産米）,,,,,,,
172,636,六十餘洲 純米吟醸,蔵元：今里酒造株式会社,蔵元：長崎県東彼杵郡波佐見町宿郷596,純米,精米歩合：50%,度数：16度,None,None,None,原料：米・米麹,原料米：山田錦,,,,,,
173,640,梅乃宿 純米吟醸 山廃仕込,蔵元：梅乃宿酒造 株式会社,蔵元：奈良県葛城市東室27,純米,精米歩合　：50%,度数　：17～18度未満,None,None,None,原料　：　米・米こうじ,,,,,,,
174,645,奥 純米吟醸原酒,蔵元：山﨑合資会社,蔵元：愛知県西尾市西幡豆町柿田57,純米,精米歩合：60%,度数：18.5度未満,None,None,None,原料：米・米こうじ,,,,,,,
175,650,陸奥 八仙 黒ラベル,蔵元：八戸酒造株式会社,蔵元：青森県八戸市大字湊町字本町9,純米,精米歩合：55%,度数：16度未満,None,None,None,原料：米・米こうじ（原料米 華吹雪）,,,,,,,
176,655,夢香蔵,蔵元：大賀酒造株式会社,蔵元：福岡県筑紫野市二日市中央4-9-1,純米,精米歩合：55%,度数：15度,None,None,None,原材料名：米・米こうじ,,,,,,,
177,658,奏雨,蔵元：真名鶴酒造合資会社,蔵元：福井県大野市明倫町11-3,純米,精米歩合：50%,度数：13度,None,None,None,原材料名：米・米こうじ,,,,,,,
178,662,一生青春,蔵元：曙酒造合資会社,蔵元：福島県河沼郡会津坂下町戌亥乙２,非純米,精米歩合：55%,度数：16度以上17度未満,None,None,None,原材料名：米・米こうじ、醸造アルコール,原料掛米：岡山県産　あけぼの,原料麹米：会津坂下産　山田錦,,,,,
179,671,旭日　ひやおろし,蔵元：旭日酒造有限会社,蔵元：島根県出雲市今市町662,純米,精米歩合：70%,度数：17度以上18度未満,日本酒度：+10,酸数：1.8,None,原材米：出雲産五百万石100%,原材料：米・米こうじ,酵母：協会701号,,,,,
180,674,住吉 特別純米酒,蔵元：樽平酒造株式会社,蔵元：山形県東置賜郡川西町中小松２８８６,純米,精米歩合：60%,度数：15度以上16度未満,日本酒度：+7,None,None,原材料：米・米こうじ,,,,,,,
181,679,平井城 純米吟醸,蔵元：松屋酒造株式会社,蔵元：群馬県群馬市藤岡乙180,None,精米歩合：60%,度数：15度,日本酒度：+7,酸度：1.6,None,原材料：米・米こうじ,酒米：群馬県産　舞風,,,,,,
182,686,龍力特別純米 無濾過氷温瓶囲,蔵元：株式会社　本田商店,蔵元：兵庫県姫路市網干区高田361-1,純米,精米歩合：65%,度数：16度以上17度未満,None,None,None,原材料：米・米こうじ,,,,,,,
183,691,万齢 無濾過生原酒,蔵元：小松酒造株式会社,蔵元：佐賀県唐津市相知町千束１４８９,純米,精米歩合：55%,度数：17度,日本酒度：+5,None,None,原材料：米・米こうじ,,,,,,,
184,693,秋櫻 コスモス,蔵元：株式会社今田酒造本店,蔵元：広島県東広島市安芸津町三津３７３４,非純米,精米歩合：麹50% 掛60%,度数：15～15.9度,None,None,None,原材料：米・米こうじ・醸造アルコール,,,,,,,
185,709,國香 純米吟醸,蔵元：國香酒造株式会社,蔵元：静岡県袋井市山田537,None,精米歩合：50%,度数：15度以上16度未満,日本酒度：+7.0,酸度：1.3,アミノ酸：1.1,原材料：米・米こうじ,原料米：山田錦100%,使用酵母：静岡吟醸HD-1,,,,,
186,713,惣花　純米吟醸,蔵元：日本盛株式会社,蔵元：兵庫県西宮市用海町４?５７,純米,精米歩合：55%,度数：15度以上16度未満,None,None,None,原材料：米・米こうじ,,,,,,,
187,718,〆張鶴　大吟醸 銀ラベル,蔵元：宮尾酒造株式会社,蔵元：新潟県村上市上片町5-15,非純米,精米歩合：38%,度数：16度,None,None,None,原料：米・米こうじ・醸造用アルコール,,,,,,,
188,721,越後鶴亀 純米 生,蔵元：上原酒造株式会社,蔵元：新潟県新潟市竹野町2575-2,純米,精米歩合：60%,度数　：　15度以上16度未満,None,None,None,原材料名：米、米こうじ,,,,,,,
189,724,無風 純米吟醸 瓶囲熟成原酒,蔵元：玉泉堂酒造株式会社,蔵元：岐阜県養老郡養老町高田800-3,純米,精米歩合：60%,度数　：　16度以上17度未満,None,None,None,原材料名：米、米こうじ,,,,,,,
190,727,土佐鶴 辛口吟醸,蔵元：土佐鶴酒造株式会社,蔵元：高知県安田町1586,非純米,精米歩合：50%,度数：15度以上16度未満,日本酒度：+8,None,None,原材料名：米、米こうじ、醸造アルコール,,,,,,,
191,732,佐久の花 純米吟醸無濾過生酒,蔵元：佐久の花酒造株式会社,蔵元：長野県佐久市下越620,純米,精米歩合：55%,度数：17度以上18度未満,None,None,None,原材料名：米、米こうじ,,,,,,,
192,736,庭のうぐいす 特別純米,蔵元：合名会社 山口酒造場,蔵元：福岡県久留米市北野町今山５３４?１,純米,精米歩合：60%,度数：15度,None,None,None,原材料名：米、米こうじ,,,,,,,
193,740,紀土 純米大吟醸,蔵元：平和酒造株式会社,蔵元：和歌山県海南市溝ノ口119,純米,精米歩合：48%,度数：15度以上16度未満,None,None,None,原材料名：米、米こうじ,,,,,,,
194,744,幻の瀧 大吟醸 しぼりたて,蔵元：皇国晴酒造株式会社,蔵元：富山県黒部市生地296,非純米,精米歩合　：50%,度数　：16度,None,None,None,原料　：　米・米こうじ・醸造アルコール,,,,,,,
195,750,寶剣 特別純米酒 しぼりたて 生酒,蔵元：宝剣酒造株式会社,蔵元：広島県呉市仁方本町1-11-2,純米,精米歩合　：60%,度数　：16.0度～16.9度,None,None,None,原料　：　米(広島県産)・米こうじ（広島県産米）,使用米　：広島県産八反錦100%使用,,,,,,
196,754,陸奥 八仙 赤ラベル,蔵元：八戸酒造株式会社,蔵元：青森県八戸市大字湊町字本町9,純米,精米歩合：麹＝55%、掛＝60%,度数：16度,None,None,None,原料：米・米こうじ（原料米：麹＝華吹雪、掛＝まっしぐら）,,,,,,,
197,758,五凛 純米大吟醸,蔵元：株式会社車多酒造,蔵元：石川県白山市坊丸町60番地1,None,精米歩合：45%,度数：16度,None,None,None,原材料：米、米こうじ,原料米：兵庫県産特A地区産山田錦１００％,,,,,,
198,764,陸奥 男山,蔵元：八戸酒造株式会社,蔵元：青森県八戸市大字湊町字本町9,純米,精米歩合：65%,度数：16度,None,None,None,原料：米・米こうじ,,,,,,,
199,767,湘南 純米吟醸,蔵元：熊澤酒造株式会社,蔵元：神奈川茅ヶ崎市香川7-10-7,純米,精米歩合　：60%,度数　：15度,None,None,None,原料　：　米・米こうじ,,,,,,,
200,775,無風 大吟醸 華や香,蔵元：玉泉堂酒造株式会社,蔵元：岐阜県養老郡養老町高田800-3,非純米,精米歩合：50%,度数　：　16度以上17度未満,None,None,None,原材料名：米、米こうじ、醸造アルコール,,,,,,,
201,779,雁木 純米無濾過,蔵元：八百新酒造株式会社,蔵元：山口県岩国市今津町3-18-9,純米,精米歩合：60%,度数　：　17度以上18度未満,None,None,None,原材料名：米、米こうじ,原料米：山田錦100%使用,,,,,,
202,787,賀茂鶴 吟醸,蔵元：賀茂鶴酒造株式会社,蔵元：広島県東広島市西条本町4-31,非純米,精米歩合：60%,度数：15.0～16.0度未満,None,None,None,原材料：米、米こうじ、醸造アルコール,原料米：能勢産山田錦100%,,,,,,
203,795,龍勢 純米吟醸,蔵元：藤井酒造株式会社,蔵元：広島県竹原市本町3-4-14,純米,精米歩合：60%,度数：18度,None,None,None,原材料：米・米こうじ,,,,,,,
204,798,出羽桜 純米,蔵元：出羽桜酒造株式会社,蔵元：山形県天童市一日町１丁目4-6,None,精米歩合　：50%,度数　：　15度,None,None,None,原材料：米・米こうじ,,,,,,,
205,806,ALPHA,蔵元：油長酒造株式会社,蔵元：奈良県御所市本町1160,純米,精米歩合：65%,度数：14度,None,None,None,原材料名：米・米こうじ,,,,,,,
206,812,七本鎗 純米吟醸,蔵元：冨田酒造有限会社,蔵元：滋賀県長浜市木之本町木之本１１０７,純米,精米歩合：麹米55%、掛米55%,度数：15度以上16度未満,None,None,None,原材料名：米・米こうじ,,,,,,,
207,814,白鴻　特別純米,蔵元：盛川酒造株式会社,蔵元：広島県呉市安浦町原畑44,純米,精米歩合：60%,度数：15度以上16度未満,None,None,None,原材料：米・米こうじ,,,,,,,
208,818,杉勇 特別純米辛口,蔵元：（資）杉勇蕨岡酒造場,蔵元：山形県飽海郡遊佐町大字上蕨岡字御備田47-1,純米,精米歩合：55%,度数：17度以上18度未満,None,None,None,原材料：米・米こうじ,,,,,,,
209,821,陸奥八仙 ISARIBI,蔵元：八戸酒造株式会社,蔵元：青森県八戸市大字湊町字本町9,純米,精米歩合：60%,度数：15度,None,None,None,原料：米・米こうじ,,,,,,,
210,825,無風 純米吟醸 涼や香,蔵元：玉泉堂酒造株式会社,蔵元：岐阜県養老郡養老町高田800-3,純米,精米歩合：60%,度数　：　14度以上15度未満,None,None,None,原材料名：米、米こうじ,,,,,,,
211,837,山香　純米吟醸,蔵元：梅乃宿酒造 株式会社,蔵元：奈良県葛城市東室27,純米,精米歩合　：60%,度数　：16度未満,None,None,None,原料　：　米・米こうじ,,,,,,,
212,844,男山　超辛純米,蔵元：八戸酒造株式会社,蔵元：青森県八戸市大字湊町字本町9,純米,精米歩合：65%,度数：16度,None,None,None,原料：米・米こうじ,,,,,,,
213,850,菊姫 金劔 純米,蔵元：菊姫合資会社,蔵元：石川県白山市鶴来新町夕-8,純米,精米歩合：65%,度数　：　15.0～16.0度未満,None,None,None,原材料名：米・米こうじ,原料米：兵庫県三木市吉川町（特A地区）産　山田錦100%使用,,,,,,
214,861,名倉山 大吟醸,蔵元：名倉山酒造株式会社,蔵元：福島県会津若松市千石町2-46,非純米,精米歩合：45%,度数　：　15.0～16.0度未満,None,None,None,原材料名：米・米こうじ・醸造アルコール,,,,,,,
215,864,亀の尾 米鶴 純米大吟醸,蔵元：米鶴酒造株式会社,蔵元：山形県東置賜郡高畠町二井宿1076,純米,精米歩合：50%,度数：15度,None,None,None,原材料名：米、米こうじ,,,,,,,
216,871,鶴齢 純米大吟醸,蔵元：青木酒造株式会社,蔵元：新潟県南魚沼市塩沢1214,純米,精米歩合45%,度数：15度以上16度未満,None,None,None,原材料名：米、米こうじ,,,,,,,
217,875,小左衛門 純米吟醸,蔵元：中島醸造株式会社,蔵元：岐阜県瑞浪市土岐町7181-1,純米,精米歩合55%,度数：16.5度,日本酒度：+11,酸：1.7,None,原材料名：米、米こうじ 信濃美山錦１００％使用,,,,,,,
218,878,ひこ孫 大吟醸,蔵元：神亀酒造株式会社,蔵元：埼玉県蓮田市大字馬込1978,純米,精米歩合：40％,度数：16度以上16.9度以下,None,None,None,原材料：米・米麹,,,,,,,
219,886,花は咲く 蔵の華 純米吟醸 浦霞,蔵元：株式会社佐浦,蔵元：宮城県塩釜市本町2-19,純米,精米歩合：55%,度数：15度以上16度未満,None,None,None,原材料：米・米麹,,,,,,,
220,888,ひやおろし,蔵元：潜龍酒造株式会社,蔵元：長崎県北松浦郡江迎町長坂免209,純米,精米歩合：65%,度数：15度,None,None,None,原料：米・米麹,,,,,,,
221,892,花の舞 しぼりたて　純米,蔵元：花の舞酒造株式会社,蔵元：静岡県浜松市浜北区宮口632,純米,精米歩合：60%,度数：18度以上19度未満,None,None,None,原材料：米・米こうじ,,,,,,,
222,896,東光 純米吟醸原酒,蔵元：小嶋総本店,蔵元：山形県米沢市本町二丁目2-3,純米,精米歩合：55%,度数：16度,日本酒度：-4,None,None,原材料名：米、米こうじ,,,,,,,
223,900,蓬莱 純米吟醸,蔵元：有限会社 渡辺酒造店,蔵元：岐阜県飛騨市古川町壱之町７?７,純米,精米歩合：55%,度数：15度,None,None,None,原材料名：米、米こうじ,,,,,,,
224,903,旭日『短稈渡船ひやおろし』　純米吟醸原酒,蔵元：藤居本家,蔵元：滋賀県愛知郡愛荘町長野793,純米,精米歩合：60%,度数：18度,None,None,None,原料：米・米こうじ,,,,,,,
225,907,若竹　特別純米　鬼乙女 幸,蔵元：株式会社 大村屋酒造場,蔵元：静岡県島田市本通１丁目１?８,純米,精米歩合：60%,度数：16度,日本酒度；+2,酸度：1.3,アミノ酸度：1.2,原料：米・米こうじ,,,,,,,
226,910,秘めごと　純米吟醸,蔵元：松山酒造株式会社,蔵元：山形県酒田市字荒町17,純米,精米歩合：55%,度数：15度,日本酒度：+3,酸度：1.3,None,原料：米・米こうじ,原料米：出羽燦々100%,酵母：山形酵母KA,,,,,
227,914,風香　純米吟醸,蔵元：梅乃宿酒造 株式会社,蔵元：奈良県葛城市東室27,純米,精米歩合　：60%,度数　：16度未満,None,None,None,原料　：　米・米こうじ,,,,,,,
228,921,米のささやき 大吟醸,蔵元：株式会社　本田商店,蔵元：兵庫県姫路市網干区高田361-1,非純米,精米歩合：酒母、麹米40% 掛米50%,度数：17度以上18度未満,None,None,None,原材料：米・米こうじ・醸造アルコール,,,,,,,
229,985,山猿 特別純米酒,蔵元：永山酒造合名会社,蔵元：山陽小野田市大字厚狭367-1,純米,精米歩合：60%,度数：15度以上16度以下,None,None,None,原材料：米・米麹,,,,,,,
230,992,花の舞 無濾過 生原酒,蔵元：花の舞酒造株式会社,蔵元：静岡県浜松市浜北区宮口632,None,精米歩合：60%,度数：18度以上19度未満,None,None,None,原材料：米・米こうじ,原料米：静岡県産山田錦100%,,,,,,
231,997,千代の亀 特別純米,蔵元：千代の亀酒造株式会社,蔵元：愛媛県喜多郡内子町平岡甲1294番地1,純米,精米歩合：58%,度数：16度,None,None,None,原材料：米・米こうじ,,,,,,,
232,1002,李白 特別純米酒 ひやおろし 生詰,蔵元：李白酒造有限会社,蔵元：島根県松江市石橋町335,純米,精米歩合：58%,度数：15度以上16度未満,None,None,None,原材料：米・米こうじ,,,,,,,
233,1009,一生青春 特別純米,蔵元：曙酒造合資会社,蔵元：福島県河沼郡会津坂下町戌亥乙２,純米,精米歩合：60%,度数：16度,None,None,None,原材料名：米・米こうじ,,,,,,,
234,1013,南部美人 愛山,蔵元：株式会社 南部美人,蔵元：岩手県二戸市福岡字上町13,純米,精米歩合：50%,度数：16.0度以上17.0度未満,None,None,None,原材料名：米（国産）・米こうじ（国産米）,,,,,,,
235,1017,鳳凰美田　純米大吟醸　山田錦五割磨き,蔵元：小林酒造株式会社,蔵元：栃木県小山市大字卒島743-1,純米,精米歩合：50%,度数：16.0度以上17.0度未満,None,None,None,原材料名：米（国産）・米こうじ（国産米）,原料米：山田錦100%,,,,,,
236,1022,酔鯨 純米吟醸 高育５４号,蔵元：酔鯨酒造株式会社,蔵元：高知県高知市長浜５６６?１,純米,精米歩合：50%,度数：16.0度,None,None,None,原材料名：米（国産）・米こうじ（国産米）,原料米：吟の夢100%,,,,,,
237,1029,神雷 ひやおろし 八反錦,蔵元：三輪酒造株式会社,蔵元：広島県神石郡神石高原町油木乙1930,純米,精米歩合：60%,度数：16度以上17度未満,None,None,None,原材料：米・米こうじ,原料米：広島県産 八反錦100%,,,,,,
238,1033,薩州 正宗,蔵元：濱田酒造グループ 薩摩金山蔵株式会社,蔵元：鹿児島県いちき串木野市野下13665,純米,精米歩合：70%,度数：15度,None,None,None,原材料：米（国産米）・米こうじ（国産米）,,,,,,,
239,1037,黎明 純米吟醸,蔵元：泰石酒造,蔵元：沖縄県うるま市平良川９０,純米,精米歩合：掛麹55%、掛米：60%,度数：15度,None,None,None,原材料：米（国産米）・米こうじ（国産米）,原料米：レイホウ,,,,,,
240,1045,うごのつき 純米吟醸,蔵元：相原酒造株式会社,蔵元：広島県呉市仁方本町１丁目２５?１５,純米,精米歩合：麹米50%、掛米：60%,度数：15度以上16度未満,None,None,None,原材料：米（国産米）・米こうじ（国産米）,,,,,,,
241,1050,しぼりたて 原酒 純米吟醸,蔵元：麗人酒造株式会社,蔵元：長野県諏訪市諏訪２－９－２１,純米,精米歩合：59%,度数：17度,None,None,None,原材料名：米（長野県産）、米こうじ（長野県産）,,,,,,,
242,1054,紀土 純米吟醸,蔵元：平和酒造株式会社,蔵元：和歌山県海南市溝ノ口119,純米,精米歩合：麹米50%、掛米55%,度数：15度以上16度未満,None,None,None,原材料名：米（国産）、米こうじ（国産米）,,,,,,,
243,1059,"""悦凱陣 純米酒 オオセト仕38,39号生""",蔵元：丸尾本店,蔵元：香川県仲多度郡琴平町榎井９３,純米,精米歩合：60%,度数：17度以上18度未満,None,None,None,原材料名：米、米こうじ,,,,,,,
244,1065,髙島 特別純米酒,蔵元：川島酒造株式会社,蔵元：滋賀県高島市新旭町旭８３,純米,精米歩合：麹米60%,度数：15度以上16度未満,None,None,None,原材料名：米・米こうじ,原料米：近江産玉栄１００％,,,,,,
245,1074,冴 大吟醸,蔵元：天領盃酒造株式会社,蔵元：新潟県佐渡市加茂歌代４５８,非純米,精米歩合50%,度数：15度,None,None,None,原材料名：米(新潟県産)、米こうじ(新潟県産)、醸造アルコール,,,,,,,
246,1082,陸奥 八仙 特別純米,蔵元：八戸酒造株式会社,蔵元：青森県八戸市大字湊町字本町9,純米,精米歩合：60%,度数：15度,None,None,None,原料：米・米こうじ,,,,,,,
247,1086,純米酒 秋鹿　千秋,蔵元：秋鹿酒造有限会社,蔵元：大阪府豊能郡能勢町倉垣１００７,純米,精米歩合　：　75%,度数　：　14度未満,None,None,None,原材料　：　米（国産）、米こうじ（国産米）,,,,,,,
248,1094,龍力 純米吟醸 ドラゴン 黒,蔵元：株式会社　本田商店,蔵元：兵庫県姫路市網干区高田361-1,純米,精米歩合：60%,度数：16度,None,None,None,原材料：米（国産）・米こうじ（国産米）,,,,,,,
249,1100,腰古井 大吟醸,蔵元：吉野酒造株式会社醸,蔵元：千葉県勝浦市植野571,非純米,精米歩合：50%,度数：15度以上16度未満,None,None,None,原材料：米（国産）・米こうじ（国産米）・醸造アルコール,,,,,,,
250,1105,風の森 奈良県産 秋津穂 純米,蔵元：油長酒造株式会社,蔵元：奈良県御所市本町1160,純米,精米歩合：65%,度数：17度,None,None,None,原材料名：米（国産）・米こうじ（国産）奈良県産 秋津穂100%使用,,,,,,,
251,1111,純米吟醸 幻,蔵元：中尾醸造株式会社,蔵元：広島県竹原市中央5-9-14,純米,精米歩合：55%,度数：15度,日本酒度：＋3,None,None,原料：米（国産）・米こうじ（国産米）,原料米：八反錦100%（広島県産）,,,,,,
252,1119,三千櫻 純米 五百万石,蔵元：三千櫻酒造株式会社,蔵元：岐阜県中津川市田瀬２５,純米,精米歩合：60%,アルコール度数：15度,None,None,None,原料：米（国産）・米麹（国産米）,,,,,,,
253,1123,金鶴 純米吟醸 生酒,蔵元：有限会社 加藤酒造店,蔵元：新潟県佐渡市沢根炭屋町50,純米,精米歩合：55%,度数：16度,None,None,None,原材料：米（新潟県産）・米麹（新潟県産米）,,,,,,,
254,1127,梅乃宿 純米吟醸 辛,蔵元：梅乃宿酒造株式会社,蔵元：奈良県葛城市東室27,純米,精米歩合：55%,度数：16度,None,None,None,原料：米（国産）・米こうじ（国産米）,,,,,,,
255,1132,龍力 純米酒 純米ドラゴン3,蔵元：株式会社　本田商店,蔵元：兵庫県姫路市網干区高田361-1,純米,精米歩合：65%,度数：16度,None,None,None,原材料：米（国産）・米こうじ（国産米）,,,,,,,
256,1134,あら玉 純米吟醸,蔵元：和田酒造合資会社,蔵元：山形県西村山郡河北町谷地甲17,純米,精米歩合：55%,度数：15度以上16度未満,None,None,None,原材料名：米（国産）、米こうじ（国産米）,原料米：山形県産つや姫100%,,,,,,
257,1142,水芭蕉 純米辛口スパークリング,蔵元：永井酒造株式会社,蔵元：群馬県利根郡川場村門前７１３,純米,精米歩合：60%,度数：15度,日本酒度：+8,None,None,原材料名：米（国産）、米こうじ（国産米）,,,,,,,
258,1146,手取川 純米吟醸,蔵元：株式会社 吉田酒造店,蔵元：石川県白山市安吉町４１,純米,精米歩合：麹米50%　掛米55%,度数：15度,None,None,None,原材料：米（国産）・米こうじ（国産米）,,,,,,,
259,1151,宗玄 純米大吟醸,蔵元：宗玄酒造株式会社,蔵元：石川県珠洲市宝立町宗玄２４?２２,None,精米歩合：40%,度数：17度,None,None,None,原材料：米（国産）・米こうじ（国産米）,原料米：兵庫県産山田錦100%,,,,,,
260,1155,喜楽長 純米大吟醸 夢銀河（ラベル違い）,蔵元：喜多酒造 株式会社,蔵元：滋賀県東近江市池田町1129,純米,精米歩合　：50%,度数　：17～18度未満,None,None,None,原料　：　米・米こうじ,,,,,,,
261,1160,平家伝説 特別純米酒,蔵元：通潤酒造株式会社謹醸,蔵元：熊本県上益城郡山都町浜町54,純米,精米歩合：60%,度数：15度,None,None,None,原料：米（熊本県山都町産）・米麹（熊本県山都町産米）,,,,,,,
262,1166,純米原酒 山頭火,蔵元：通潤酒造株式会社謹醸,蔵元：熊本県上益城郡山都町浜町54,純米,精米歩合：60%,度数：18度,None,None,None,原料：米（熊本県山都町産）・米麹（熊本県山都町産米）,,,,,,,
263,1172,万齢 純米吟醸,蔵元：小松酒造株式会社,蔵元：佐賀県唐津市相知町千束１４８９,純米,精米歩合：50%,度数：15度,日本酒度：+4,None,None,原材料：米・米こうじ（原料米はすべて国産）山田錦二割、美山錦八割,,,,,,,
264,1178,万齢 特別純米酒,蔵元：小松酒造株式会社,蔵元：佐賀県唐津市相知町千束１４８９,純米,精米歩合：55%,度数：15度,日本酒度：+6,None,None,原材料：米・米こうじ（原料米はすべて佐賀、相知産）,使用米：麹米：山田錦二割、掛米：雄町八割,,,,,,
265,1183,眞澄 純米吟醸 生,蔵元：宮坂醸造株式会社,蔵元：長野県諏訪市元町1-16,純米,精米歩合：55%,度数：15度,None,None,None,原材料：米・米こうじ(国産米),,,,,,,
266,1187,七田 純米 ひやおろし,蔵元：天山酒造株式会社,蔵元：佐賀県小城市小城町岩蔵１５２０,純米,精米歩合：75%,度数：17度,None,None,None,原材料：米（国産）・米こうじ（国産米）,,,,,,,
267,1194,上喜元 美郷錦 特別純米,蔵元：酒田酒造株式会社,蔵元：山形県酒田市日吉町２丁目３?２５,純米,精米歩合：55%,度数：17度,None,None,None,原材料：米（国産）・米こうじ（国産米）,,,,,,,
268,1199,〆張鶴 純米吟醸　超淡麗,蔵元：宮尾酒造株式会社,蔵元：新潟県村上市上片町5-15,純米,精米歩合：50%,度数：16度,None,None,None,原料：米（新潟県産）・米こうじ（新潟県産米）,原料米：超淡麗100%使用,,,,,,
269,1203,白鷹 特別純米 ひやおろし,蔵元：白鷹株式会社,蔵元：兵庫県西宮市浜町1?1,純米,精米歩合：70%,度数：15度以上16度未満,None,None,None,原料：米（国産）・米こうじ（国産米）,,,,,,,
270,1208,豊81,蔵元：三浦酒造株式会社,蔵元：青森県弘前市大字石渡5-1-1,純米,None,度数：15度以上16度未満,None,None,None,原材料：米（国産）・米麹（国産米）,,,,,,,
271,1214,燦然 特別純米 生詰 原酒,蔵元：菊池酒造株式会社,蔵元：岡山県倉敷市玉島阿賀崎１２１２,純米,精米歩合：65%,度数：18.6度,None,None,None,原材料：米（国産）・米麹（国産米）,原料米：雄町100%使用,,,,,,
272,1218,福美人 純米吟醸,蔵元：福美人酒造株式会社,蔵元：広島県東広島市西条本町６?２１,純米,精米歩合：60%,度数：15度以上16度未満,None,None,None,原材料：米（国産）・米麹（国産米）,,,,,,,
273,1227,楯野川　純米大吟醸 出羽燦々,蔵元：楯の川酒造株式会社,蔵元：山形県酒田市山楯字清水田27,純米,精米歩合：50%,度数：14度以上15度未満,None,None,None,原材料名：米（国産）、米こうじ（国産米使用）,,,,,,,
274,1231,米宗 純米吟醸,蔵元：青木酒造株式会社,蔵元：愛知県愛西市本部田町本西６０,純米,精米歩合：55%,度数：16度,None,None,None,原材料名：米（国産）、米こうじ（国産米使用）,,,,,,,
275,1235,美濃菊　純米大吟醸,蔵元：玉泉堂酒造株式会社,蔵元：岐阜県養老郡養老町高田800-3,純米,精米歩合：50%,度数　：　15度以上16度未満,日本酒度：+3,酸度：１．３,アミノ酸度：1.3,原材料名：米、米こうじ,原料米：岐阜県産ひだほまれ１００％,仕込水：養老山系伏流水,,,,,
276,1240,東一,蔵元：五町田酒造株式会社,蔵元：佐賀県嬉野市塩田町大字五町田甲２０８１,純米,精米歩合：64%,度数：15度,None,None,None,原材料：米（国産）・米こうじ（国産米）,,,,,,,
277,1247,澤屋まつもと　純米大吟醸　朝日　2014,蔵元：松本酒造株式会社,蔵元：京都市伏見区横大路三栖大黒町７,純米,精米歩合：50%,度数：15度,None,None,None,原材料：米（国産）・米麹（国産米）,,,,,,,
278,1253,純米樽酒 杜の蔵,蔵元：株式会社杜の蔵,蔵元：福岡県久留米市三潴町玉満2773,純米,精米歩合：75%,度数：14度,None,None,None,原材料：米（国産）・米麹（国産米）,,,,,,,
279,1258,月のよさ,蔵元：合資会社 山崎本店酒造場,蔵元：長崎県島原市白土町１０６５,純米,精米歩合：55%,度数：15 ～ 16度,日本酒度：+3～+4,酸度：1.5,None,原材米品種：麹米 山田錦100%・掛米レイホウ100%,原材料：米（国産）・米麹（国産米）,,,,,,
280,1265,和田龍登水 美山錦 生酒,蔵元：和田龍酒造株式会社,蔵元：長野県上田市中央西１丁目１４?１４,純米,精米歩合：49%,度数：16度,None,None,None,原材料：米（国産）・米麹（国産米）,使用米：美山錦100%,,,,,,
281,1268,京ひな 純米吟醸,蔵元：酒六酒造株式会社,蔵元：愛媛県喜多郡内子町内子３２７９?１,純米,精米歩合：55%,度数：17度,None,None,None,原材料：米（国産）・米麹（国産米）,,,,,,,
282,1272,高砂 山廃 純米吟醸,蔵元：富士高砂酒造株式会社,蔵元：静岡県富士宮市宝町９?２５,純米,精米歩合：55%,度数：15度,日本酒度：-3,None,None,原材料：米（国産）・米麹（国産米）,使用酵母：静岡酵母,,,,,,
283,1279,あらえびす 純米吟醸,蔵元：廣田酒造店,蔵元：岩手県紫波郡紫波町宮手泉屋敷２?４,純米,精米歩合：55%,度数：16度,None,None,None,原材料：米（国産）・米麹（国産米）,,,,,,,
284,1283,喜平治 特別純米原酒,蔵元：廣田酒造店,蔵元：岩手県紫波郡紫波町宮手泉屋敷２?４,純米,精米歩合：60%,度数：12度,None,None,None,原材料：米（国産）・米麹（国産米）,,,,,,,
285,1286,廣喜 大吟醸,蔵元：廣田酒造店,蔵元：岩手県紫波郡紫波町宮手泉屋敷２?４,非純米,精米歩合：40%,度数：15度,None,None,None,原材料：米（国産）・米麹（国産米）・醸造アルコール,,,,,,,
286,1289,道灌 しぼりたて,蔵元：太田酒造（株）,蔵元：滋賀県草津市草津３丁目１０?３７,非純米,精米歩合：65%,度数：18以上19度未満,None,None,None,原材料：米・米麹・醸造アルコール,,,,,,,
287,1293,確蔵 特別純米,蔵元：重家酒造株式会社,蔵元：長崎県壱岐市郷ノ浦町本村触７０４,None,精米歩合：60%,度数：15度,None,None,None,原材料：米（国産）・米麹（国産）,原料米：山田錦,,,,,,
288,1298,東一 しぼりたて生酒,蔵元：五町田酒造株式会社,蔵元：佐賀県嬉野市塩田町大字五町田甲２０８１,純米,精米歩合：64%,度数：17度,None,None,None,原材料：米（国産）・米こうじ（国産米）,原料米：山田錦１００％使用,,,,,,
289,1305,〆張鶴 純米吟醸 純,蔵元：宮尾酒造株式会社,蔵元：新潟県村上市上片町5-15,純米,精米歩合：50%,度数：15度,None,None,None,原料：米（国産）・米こうじ（国産米）,,,,,,,
290,1308,三春駒 大吟醸,蔵元：佐藤酒造株式会社,蔵元：福島県田村郡三春町中町６７,非純米,精米歩合：40%,度数：16度以上17度未満,None,None,None,原料：米（国産）・米こうじ（国産米）、醸造アルコール,,,,,,,
291,1312,日本盛 純米吟醸 生酒,蔵元：日本盛株式会社,蔵元：兵庫県西宮市用海町４?５７,純米,精米歩合：55%,度数：15度以上16度未満,None,None,None,原材料：米・米こうじ,,,,,,,
292,1318,沙羅双樹 純米大吟醸50,蔵元：盛川酒造株式会社,蔵元：広島県呉市安浦町原畑44,None,精米歩合：50%,度数：16.5度,日本酒度：+1,酸度：1.4,None,原材料：米（国産）・米こうじ（国産米）,使用米：広島県産特A地区産・山田錦100%,杜氏：盛川元晴（広島杜氏）,,,,,
293,1321,藤樹 大吟醸,蔵元：川島酒造株式会社,蔵元：滋賀県高島市新旭町旭８３,非純米,精米歩合：40%,度数：16度以上17度未満,日本酒度：+4,酸度：1.3,アミノ酸：1.0,原材料名：米・米こうじ・醸造アルコール,原料米：山田錦１００％,仕込方法：長期低温醗酵留後40日,使用酵母：明利,水質：比良山系伏流水,貯蔵：冷房貯蔵（3℃）,濃淡：淡麗,粕歩合：45%
294,1329,鍋島 特別純米酒,蔵元：富久千代酒造有限会社,蔵元：佐賀県鹿島市浜町八宿1254?1,純米,精米歩合：55%,度数：15度,None,None,None,原材料名：米（国産）・米こうじ（国産米）,杜氏：飯盛　直喜,,,,,,
295,1332,白瀑　ど辛　純米,蔵元：山本合名会社,蔵元：秋田県山本郡八峰町八森八森２６９,純米,精米歩合：65%,度数：15度,None,None,None,原材料名：米（国産）・米こうじ（国産米）,,,,,,,
296,1335,あら玉 特別純米原酒,蔵元：和田酒造合資会社,蔵元：山形県西村山郡河北町谷地甲17,純米,精米歩合：60%,度数：17度,None,None,None,原材料名：米（国産）、米こうじ（国産米）,,,,,,,
297,1339,辯天 純米大吟醸原酒,蔵元：後藤酒造店,蔵元：山形県東置賜郡高畠町糠野目１４６２,純米,精米歩合：48%,度数：17度,None,None,None,原材料名：米（国産）、米こうじ（国産米）,使用米：岡山県産酒米 雄町100%,,,,,,
298,1346,七田 山廃旨口純米,蔵元：天山酒造株式会社,蔵元：佐賀県小城市小城町岩蔵１５２０,純米,精米歩合：65%,度数：15度,None,None,None,原材料：米（国産）・米こうじ（国産米）,使用米：山田錦100%,,,,,,
299,1349,いづみ橋 純米大吟醸,蔵元：泉橋酒造株式会社,蔵元：神奈川県海老名市下今泉５丁目５?１,純米,精米歩合：40%,度数：15度,None,None,None,原材料：米（国産）・米こうじ（国産米）,使用米：海老名産山田錦100%,,,,,,
300,1352,昇龍蓬莱 生もと純米,蔵元：大矢孝酒造株式会社,蔵元：神奈川県愛甲郡愛川町田代５２１,純米,精米歩合：60%,度数：15度,None,None,None,原材料：米・米こうじ,使用米：国産米100%　岡山県産雄町100%,,,,,,
301,1355,香田　特別純米酒,蔵元：ハクレイ酒造株式会社,蔵元：京都府宮津市由良９４９,純米,精米歩合：酒母、麹60%　掛米：７０％,度数：14～15度未満,None,None,None,原材料：米（国産）・米こうじ（国産米）,使用米：丹後山田錦100%,,,,,,
302,1363,雁木　純米　ひやおろし,蔵元：八百新酒造株式会社,蔵元：山口県岩国市今津町3-18-9,純米,精米歩合：60%,度数　：　17度,None,None,None,原材料名：米（国産）、米こうじ（国産米）,原料米：山田錦100%使用,,,,,,
303,1366,寶剣　純米吟醸　八反錦,蔵元：宝剣酒造株式会社,蔵元：広島県呉市仁方本町1-11-2,純米,精米歩合　：55%,度数　：16度,None,None,None,原料　：　米(国産)・米こうじ（国産米）,使用米　：広島県産八反錦100%使用,,,,,,
304,1369,大山 特別純米酒　ひやおろし,蔵元：加藤嘉八郎酒造株式会社,蔵元：山形県鶴岡市大山三丁目1-38,純米,精米歩合：60%,度数　：　16.5度,None,None,None,原材料名：米（国産）、米麹（国産米）,,,,,,,
305,1373,飛良泉　山廃　超辛口　純米,蔵元：株式会社飛良泉本舗,蔵元：秋田県にかほ市平沢中町５９,純米,精米歩合：60%,度数　：　15度,日本酒度　：　+8.0,酸度　：　2.1,None,原材料名：米（国産）、米麹（国産米）,,,,,,,
306,1378,東一 ひやおろし 山田錦純米酒,蔵元：五町田酒造株式会社,蔵元：佐賀県嬉野市塩田町大字五町田甲２０８１,純米,精米歩合：64%,度数：17度,None,None,None,原材料：米（国産）・米こうじ（国産米）,原料米：山田錦１００％使用,,,,,,
307,1383,臥龍梅 純米吟醸,蔵元：三和酒造株式会社,蔵元：静岡県静岡市清水区西久保501-10,純米,精米歩合：55%,度数：16度以上17度未満,None,None,None,原材料：米（国産）・米こうじ（国産米）,原料米：富山県産五百万石,,,,,,
308,1387,初代辛口 金五郎,蔵元：米田酒造株式会社,蔵元：島根県松江市東本町３丁目５９,純米,精米歩合：65%,度数：15度,None,None,None,原材料：米（国産）・米こうじ（国産米）,,,,,,,
309,1392,長珍　特別純米酒,蔵元：長珍酒造（株）,蔵元：愛知県津島市本町３丁目６２,純米,精米歩合：60%,度数：16度,None,None,None,原材料：米（国産）・米麹（国産）,原料米：酒造好適米（国産）全量使用,,,,,,
310,1396,一本義 純米吟醸,蔵元：（株）一本義久保本店,蔵元：福井県勝山市沢町1丁目3?1,None,精米歩合：58%,度数：16度,None,None,None,原材料：米（国産）・米麹（国産）,原料米：越ノ雫 100%,,,,,,
311,1402,雁木 純米 無濾過 生原酒,蔵元：八百新酒造株式会社,蔵元：山口県岩国市今津町3-18-9,純米,精米歩合：60%,度数　：　17度,None,None,None,原材料名：米、米こうじ,原料米：山田錦100%使用,,,,,,
312,1407,るみ子の酒 特別純米無濾過生原酒,蔵元：合名会社 森喜酒造場,蔵元：三重県伊賀市千歳41?２,純米,精米歩合：60%,度数：18%,日本酒度：+7,酸数：1.7,アミノ酸：1.2,原材料名：米（国産）、米こうじ（国産米）,原料米：60%精米伊賀産伊勢錦（75%） 60%精米徳島産山田錦(25%),杜氏：蔵元兼任　酵母　協会9号,,,,,
313,1414,竹鶴 秘傳 純米,蔵元：竹鶴酒造株式会社,蔵元：広島県竹原市本町三丁目10-29,None,None,None,None,None,None,原材料名：情報求む,原料米：情報求む,,,,,,
314,1418,岩の井 純米吟醸,蔵元：岩瀬酒造株式会社,蔵元：千葉県夷隅郡御宿町久保１９１６,純米,精米歩合：60%,度数：16度,None,None,None,原材料名：米（国産）、米麹（国産米）,,,,,,,
315,1423,旭若松 雄町100%,蔵元：那賀酒造有限会社,蔵元：徳島県那賀郡那賀町和食字町３５,純米,精米歩合：70% 自家精米,度数：20度,None,None,None,原材料名：米（国産）、米麹（国産米）原料米は国産100%,原料米：雄町100%,使用酵母：10号系,,,,,
316,1427,基峰鶴 超辛口純米酒,蔵元：合資会社 基山商店,蔵元：佐賀県三養基郡基山町宮浦１５１,純米,精米歩合：60%,度数：15度,None,None,None,原材料名：米（国産）・米こうじ（国産米）,,,,,,,
317,1432,純米辛口　弥右衛門,蔵元：合資会社 大和川酒造店,蔵元：福島県喜多方市寺町４７６１,純米,精米歩合：60%,度数：15度,None,None,None,原材料名：米（国産）・米こうじ（国産米）,,,,,,,
318,1436,夜の帝王　特別純米酒,蔵元：藤井酒造株式会社,蔵元：広島県竹原市本町3-4-14,None,精米歩合：65%,度数：15度,None,None,None,原材料：米（国産）・米こうじ（国産米）,使用米：広島県産八反錦100%,,,,,,
319,1448,貴 特別純米酒,蔵元：株式会社永山本家酒造場,蔵元：山口県宇部市車地138,純米,精米歩合：60%,度数：15度以上16度未満,None,None,None,原材料：米（国産）・米こうじ（国産米）,,,,,,,
320,1454,山陽鶴 純米吟醸 しぼりたて,蔵元：山陽鶴酒造株式会社,蔵元：広島県東広島市西条岡町６?９,純米,精米歩合：60%,度数：16度,None,None,None,原材料：米（国産）・米こうじ（国産米）,,,,,,,
321,1461,お福正宗 純米吟醸酒,蔵元：お福酒造株式会社,蔵元：新潟県長岡市横枕町６０６,純米,精米歩合：60%,度数：17度,None,None,None,原材料：米（国産）・米こうじ（国産米）,,,,,,,
322,1467,七田　無濾過生,蔵元：天山酒造株式会社,蔵元：佐賀県小城市小城町岩蔵１５２０,純米,精米歩合：75%,度数：17度,None,None,None,原材料：米（国産）・米こうじ（国産米）,使用米：山田錦100%,,,,,,
323,1470,鶴の友 別撰,蔵元：樋木酒造株式会社,蔵元：新潟県新潟市 西区内野町５７７,非純米,None,度数：16度以上17度,None,None,None,原材料：米（国産）・米こうじ（国産米）・醸造アルコール,,,,,,,
324,1474,榮光冨士 純米大吟醸 無濾過生原酒,蔵元：冨士酒造株式会社,蔵元：山形県鶴岡市大山３丁目３２?４８,純米,精米歩合：50%,度数：17度以上18度未満,日本酒度：-1.0,酸度：1.6,アミノ酸度：1.0,原材米：兵庫県産愛山100%,原材料：米（国産）・米こうじ（国産米）,使用酵母：山形酵母,,,,,
325,1480,龍力 生もと仕込み 兵庫県特A地区産 山田錦 生酒,蔵元：株式会社　本田商店,蔵元：兵庫県姫路市網干区高田361-1,純米,精米歩合：65%,度数：18度,None,None,None,原材料：米（国産）・米こうじ（国産米）,,,,,,,
326,1489,るみ子の酒 山廃備前雄町 無濾過生原酒,蔵元：合名会社 森喜酒造場,蔵元：三重県伊賀市千歳41?２,純米,精米歩合：60%,度数：18%,日本酒度：+7,酸数：1.8,アミノ酸：1.4,原材料名：米（国産）、米こうじ（国産米）,原料米：60%精米備前雄町（92%） 60%精米伊賀産山田錦(8%),杜氏：蔵元兼任　酵母　蔵内酵母,,,,,
327,1492,上喜元 特別純米 ぷらす12,蔵元：酒田酒造株式会社,蔵元：山形県酒田市日吉町２丁目３?２５,純米,精米歩合：55%,度数：16度以上17度未満,None,None,None,原材料：米（国産）・米こうじ（国産米）,,,,,,,
328,1495,白鷹 純米吟醸,蔵元：白鷹株式会社,蔵元：兵庫県西宮市浜町1?1,純米,精米歩合：60%,度数：16度以上17度未満,None,None,None,原料：米（国産）・米こうじ（国産米）,使用米：兵庫県特A地区 山田錦100%,,,,,,
329,1498,松の花 純米大吟醸 生原酒,蔵元：川島酒造株式会社,蔵元：滋賀県高島市新旭町旭８３,純米,精米歩合：40%,度数：16度以上17度未満,None,None,None,原料：米（国産）・米こうじ（国産米）,使用米：近江米 山田錦100%,,,,,,
330,1502,神田　純米,蔵元：花の香酒造株式会社,蔵元：熊本県玉名郡和水町西吉地2226-2,純米,None,度数：16度,None,None,None,原料：米（国産）・米こうじ（国産米）,,,,,,,
331,1507,阿櫻　純米大吟醸　無濾過原酒　生酒　別誂,蔵元：阿櫻酒造株式会社,蔵元：秋田県横手市大沢西野６７?２,純米,精米歩合：50%（秋田県産 秋田酒こまち）,度数：16度,None,None,None,原料：米（秋田県産）・米こうじ（秋田県産米）,,,,,,,
332,1512,古伊万里　純米,蔵元：古伊万里酒造有限会社,蔵元：佐賀県伊万里市二里町中里甲３２８８?１,純米,精米歩合：65%,度数：15度,None,None,None,原料：米（国産）・米こうじ（国産米）,,,,,,,
333,1518,越後 雪紅梅 大吟醸 しずく取り,蔵元：長谷川酒造株式会社,蔵元：新潟県長岡市摂田屋2-7-28,非純米,精米歩合：40%,度数：17度,None,None,None,原料：米（国産）・米こうじ（国産米）・醸造アルコール,原料米：山田錦100%使用,,,,,,
334,1522,杵の川　樽酒,蔵元：株式会社杵の川,蔵元：長崎県諌早市土師野尾町17-4,非純米,None,度数：14度,None,None,None,原材料：米・米こうじ・醸造アルコール,,,,,,,
335,1528,香梅 純米吟醸,蔵元：香坂酒造株式会社,蔵元：山形県米沢市中央７丁目３－１０,純米,精米歩合：50%,度数：15度,日本酒度：+4.0,酸度：1.3,None,原材米：出羽燦々100%,原材料：米（国産）・米こうじ（国産米）,酵母：ＫＡ山形酵母,醸造責任者：香坂洋平,,,,
336,1531,美丈夫 純米吟醸,蔵元：有限会社 濵川商店,蔵元：高知県安芸郡田野町2150,純米,精米歩合：55%,度数：15度,None,None,None,原材料：米（国産）・米こうじ（国産米）,,,,,,,
337,1540,賀茂鶴 純米,蔵元：賀茂鶴酒造株式会社,蔵元：広島県東広島市西条本町4-31,純米,精米歩合：65%,度数：14～15度未満,日本酒度：+4,None,None,原材料：米（国産）、米こうじ（国産米）,仕込水：賀茂山系伏流水,,,,,,
338,1545,鶴の友 上白,蔵元：樋木酒造株式会社,蔵元：新潟県新潟市 西区内野町５７７,非純米,None,度数：15度以上16度,None,None,None,原材料：米（国産）・米こうじ（国産米）・醸造アルコール,,,,,,,
339,1551,旭若松 無濾過生原酒,蔵元：那賀酒造有限会社,蔵元：徳島県那賀郡那賀町和食字町３５,純米,精米歩合：70% 自家精米,度数：20度,None,None,None,原材料名：米（国産）、米麹（国産米）原料米は国産100%,使用酵母：10号系,,,,,,
340,1554,コシヒカリの純米酒 おろちの舞,蔵元：旭日酒造有限会社,蔵元：島根県出雲市今市町662,純米,精米歩合：65%,度数：17度以上18度未満,日本酒度：+10,None,None,原材米：出雲産コシヒカリ100%,原材料：米・米こうじ,,,,,,
341,1557,出雲富士 減農薬・減化学肥料　純米,蔵元：富士酒造合資会社,蔵元：島根県出雲市今市町1403/li&gt;,純米,精米歩合：65%,度数：15度,日本酒度：+10,None,None,原材料：米（国産）・米こうじ（国産米）,使用米：佐香錦100%（出雲市野尻地区産契約栽培米）,,,,,,
342,1562,水尾　辛口,蔵元：株式会社田中屋酒造店,蔵元：長野県飯山市大字飯山2227,None,精米歩合：麹米59%　掛米70%,アルコール度数：15度,None,None,None,原料：米、米麹、醸造アルコール,,,,,,,
343,1568,宮の雪　純米,蔵元：株式会社宮崎本店,蔵元：三重県四日市市楠町南五味塚972,None,精米歩合：麹米60%　掛米65%,アルコール度数：15度,None,None,None,原料：米（国産）、米麹（国産米）,,,,,,,
344,1571,播州一献　山廃純米　雄町,蔵元：山陽盃酒造株式会社,蔵元：兵庫県宍粟市山崎町山崎２８,None,精米歩合：65%,アルコール度数：16度,None,None,None,原料：米（国産）、米麹（国産米）,原料米：岡山産雄町100%,,,,,,
345,1575,水尾 一味 辛口純米酒,蔵元：株式会社田中屋酒造店,蔵元：長野県飯山市大字飯山2227,None,精米歩合：麹米59%　掛米70%,アルコール度数：15度,None,None,None,原料：米、米麹,,,,,,,
346,1583,まんさくの花 特別純米酒 ひやおろし,蔵元：日の丸醸造株式会社J,蔵元：秋田県横手市増田町増田七日町１１４?２,None,精米歩合：麹米60%,アルコール度数：16度,None,None,None,原料：米（国産）、米麹（国産米）,原料米：秋田県産吟の精100%,,,,,,
